{"cameraMode":{"drawMode":0,"name":"Shaded","section":"Shading Mode"},"sceneLighting":true,"audioPlay":false,"sceneViewState":{"m_AlwaysRefresh":false,"showFog":true,"showSkybox":true,"showFlares":true,"showImageEffects":true,"showParticleSystems":true,"showVisualEffectGraphs":true,"m_FxEnabled":true},"in2DMode":false,"pivot":{"x":19.83540916442871,"y":5.44666862487793,"z":-7.190208435058594},"rotation":{"x":0.42188048362731936,"y":-0.036702487617731097,"z":0.017095129936933519,"w":0.9057523608207703},"size":60.70568084716797,"orthographic":true}