{"cameraMode":{"drawMode":0,"name":"Shaded","section":"Shading Mode"},"sceneLighting":true,"audioPlay":false,"sceneViewState":{"m_AlwaysRefresh":false,"showFog":true,"showSkybox":true,"showFlares":true,"showImageEffects":true,"showParticleSystems":true,"showVisualEffectGraphs":true,"m_FxEnabled":true},"in2DMode":false,"pivot":{"x":6.214542388916016,"y":-11.034302711486817,"z":11.561280250549317},"rotation":{"x":0.5352117419242859,"y":0.017736243084073068,"z":-0.01124119758605957,"w":0.844456672668457},"size":78.89317321777344,"orthographic":false}