{"cameraMode":{"drawMode":0,"name":"Shaded","section":"Shading Mode"},"sceneLighting":true,"audioPlay":false,"sceneViewState":{"m_AlwaysRefresh":false,"showFog":true,"showSkybox":true,"showFlares":true,"showImageEffects":true,"showParticleSystems":true,"showVisualEffectGraphs":true,"m_FxEnabled":true},"in2DMode":false,"pivot":{"x":-0.13177305459976197,"y":142.3286895751953,"z":-8.194475173950196},"rotation":{"x":0.39975255727767947,"y":-0.20216335356235505,"z":0.0908626988530159,"w":0.8894222378730774},"size":203.1764373779297,"orthographic":true}