{"cameraMode":{"drawMode":0,"name":"Shaded","section":"Shading Mode"},"sceneLighting":true,"audioPlay":false,"sceneViewState":{"m_AlwaysRefresh":false,"showFog":true,"showSkybox":true,"showFlares":true,"showImageEffects":true,"showParticleSystems":true,"showVisualEffectGraphs":true,"m_FxEnabled":true},"in2DMode":false,"pivot":{"x":-1.2696022987365723,"y":24.739303588867189,"z":-29.90471649169922},"rotation":{"x":0.26470479369163515,"y":-0.0014466104330495,"z":0.0003977968590334058,"w":0.9643299579620361},"size":47.812591552734378,"orthographic":true}