{"cameraMode":{"drawMode":0,"name":"Shaded","section":"Shading Mode"},"sceneLighting":false,"audioPlay":false,"sceneViewState":{"m_AlwaysRefresh":false,"showFog":true,"showSkybox":false,"showFlares":true,"showImageEffects":true,"showParticleSystems":true,"showVisualEffectGraphs":true,"m_FxEnabled":true},"in2DMode":false,"pivot":{"x":15.12464714050293,"y":-0.4319300651550293,"z":0.023534774780273439},"rotation":{"x":0.26470479369163515,"y":-0.0014466104330495,"z":0.0003977968590334058,"w":0.9643299579620361},"size":7.623740196228027,"orthographic":true}