{"cameraMode":{"drawMode":0,"name":"Shaded","section":"Shading Mode"},"sceneLighting":false,"audioPlay":false,"sceneViewState":{"m_AlwaysRefresh":false,"showFog":true,"showSkybox":false,"showFlares":true,"showImageEffects":true,"showParticleSystems":true,"showVisualEffectGraphs":true,"m_FxEnabled":true},"in2DMode":false,"pivot":{"x":4.974038124084473,"y":-0.08196163177490235,"z":-0.004893779754638672},"rotation":{"x":0.26470479369163515,"y":-0.0014466104330495,"z":0.0003977968590334058,"w":0.9643299579620361},"size":8.02617073059082,"orthographic":true}