{"cameraMode":{"drawMode":0,"name":"Shaded","section":"Shading Mode"},"sceneLighting":false,"audioPlay":false,"sceneViewState":{"m_AlwaysRefresh":false,"showFog":true,"showSkybox":false,"showFlares":true,"showImageEffects":true,"showParticleSystems":true,"showVisualEffectGraphs":true,"m_FxEnabled":true},"in2DMode":false,"pivot":{"x":8.729344367980957,"y":4.905062675476074,"z":-0.6314435005187988},"rotation":{"x":0.26470479369163515,"y":-0.0014466104330495,"z":0.0003977968590334058,"w":0.9643299579620361},"size":13.998734474182129,"orthographic":true}