{"cameraMode":{"drawMode":0,"name":"Shaded","section":"Shading Mode"},"sceneLighting":false,"audioPlay":false,"sceneViewState":{"m_AlwaysRefresh":false,"showFog":true,"showSkybox":false,"showFlares":true,"showImageEffects":true,"showParticleSystems":true,"showVisualEffectGraphs":true,"m_FxEnabled":true},"in2DMode":false,"pivot":{"x":16.10114097595215,"y":5.928430557250977,"z":-0.1563328504562378},"rotation":{"x":0.26470479369163515,"y":-0.0014466104330495,"z":0.0003977968590334058,"w":0.9643299579620361},"size":1.8488233089447022,"orthographic":true}