{"cameraMode":{"drawMode":0,"name":"Shaded","section":"Shading Mode"},"sceneLighting":false,"audioPlay":false,"sceneViewState":{"m_AlwaysRefresh":false,"showFog":true,"showSkybox":false,"showFlares":true,"showImageEffects":true,"showParticleSystems":true,"showVisualEffectGraphs":true,"m_FxEnabled":true},"in2DMode":false,"pivot":{"x":20.14257049560547,"y":4.2501420974731449,"z":0.11844134330749512},"rotation":{"x":0.5071613788604736,"y":0.00517054321244359,"z":-0.0030436397064477207,"w":0.8618307709693909},"size":4.929050922393799,"orthographic":true}