{"cameraMode":{"drawMode":0,"name":"Shaded","section":"Shading Mode"},"sceneLighting":true,"audioPlay":false,"sceneViewState":{"m_AlwaysRefresh":false,"showFog":true,"showSkybox":true,"showFlares":true,"showImageEffects":true,"showParticleSystems":true,"showVisualEffectGraphs":true,"m_FxEnabled":true},"in2DMode":false,"pivot":{"x":0.1274051070213318,"y":1.9347026348114014,"z":-0.14702683687210084},"rotation":{"x":0.23923932015895844,"y":0.2233416885137558,"z":-0.05664684623479843,"w":0.9432362914085388},"size":1.5205204486846924,"orthographic":false}